INSERT INTO Cliente VALUES ('RSSMRA85T10H501Z', 'Mario', 'Rossi', 'mario.rossi@example.com', '3451234567');
INSERT INTO Cliente VALUES ('BNCLRA90A01F205X', 'Lara', 'Bianchi', 'lara.bianchi@example.com', '3472345678');
INSERT INTO Cliente VALUES ('VRDGNN75B12H501Y', 'Gianni', 'Verdi', 'gianni.verdi@example.com', '3483456789');
INSERT INTO Cliente VALUES ('FRNLCU88T60H223K', 'Luca', 'Ferrari', 'luca.ferrari@example.com', '3494567890');
INSERT INTO Cliente VALUES ('NCLMRA95C11F205V', 'Maria', 'Neri', 'maria.neri@example.com', '3505678901');
INSERT INTO Stazione (NomeStazione, Città, Indirizzo) VALUES ('Stazione 1', 'Città 2', 'Via Esempio 1');
INSERT INTO Stazione (NomeStazione, Città, Indirizzo) VALUES ('Stazione 2', 'Città 3', 'Via Esempio 2');
INSERT INTO Stazione (NomeStazione, Città, Indirizzo) VALUES ('Stazione 3', 'Città 4', 'Via Esempio 3');
INSERT INTO Stazione (NomeStazione, Città, Indirizzo) VALUES ('Stazione 4', 'Città 5', 'Via Esempio 4');
INSERT INTO Stazione (NomeStazione, Città, Indirizzo) VALUES ('Stazione 5', 'Città 1', 'Via Esempio 5');
INSERT INTO Stazione (NomeStazione, Città, Indirizzo) VALUES ('Stazione 6', 'Città 2', 'Via Esempio 6');
INSERT INTO Stazione (NomeStazione, Città, Indirizzo) VALUES ('Stazione 7', 'Città 3', 'Via Esempio 7');
INSERT INTO Stazione (NomeStazione, Città, Indirizzo) VALUES ('Stazione 8', 'Città 4', 'Via Esempio 8');
INSERT INTO Stazione (NomeStazione, Città, Indirizzo) VALUES ('Stazione 9', 'Città 5', 'Via Esempio 9');
INSERT INTO Stazione (NomeStazione, Città, Indirizzo) VALUES ('Stazione 10', 'Città 1', 'Via Esempio 10');
INSERT INTO Stazione (NomeStazione, Città, Indirizzo) VALUES ('Stazione 11', 'Città 2', 'Via Esempio 11');
INSERT INTO Stazione (NomeStazione, Città, Indirizzo) VALUES ('Stazione 12', 'Città 3', 'Via Esempio 12');
INSERT INTO Stazione (NomeStazione, Città, Indirizzo) VALUES ('Stazione 13', 'Città 4', 'Via Esempio 13');
INSERT INTO Stazione (NomeStazione, Città, Indirizzo) VALUES ('Stazione 14', 'Città 5', 'Via Esempio 14');
INSERT INTO Stazione (NomeStazione, Città, Indirizzo) VALUES ('Stazione 15', 'Città 1', 'Via Esempio 15');
INSERT INTO Stazione (NomeStazione, Città, Indirizzo) VALUES ('Stazione 16', 'Città 2', 'Via Esempio 16');
INSERT INTO Stazione (NomeStazione, Città, Indirizzo) VALUES ('Stazione 17', 'Città 3', 'Via Esempio 17');
INSERT INTO Stazione (NomeStazione, Città, Indirizzo) VALUES ('Stazione 18', 'Città 4', 'Via Esempio 18');
INSERT INTO Stazione (NomeStazione, Città, Indirizzo) VALUES ('Stazione 19', 'Città 5', 'Via Esempio 19');
INSERT INTO Stazione (NomeStazione, Città, Indirizzo) VALUES ('Stazione 20', 'Città 1', 'Via Esempio 20');
INSERT INTO Stazione (NomeStazione, Città, Indirizzo) VALUES ('Stazione 21', 'Città 2', 'Via Esempio 21');
INSERT INTO Stazione (NomeStazione, Città, Indirizzo) VALUES ('Stazione 22', 'Città 3', 'Via Esempio 22');
INSERT INTO Stazione (NomeStazione, Città, Indirizzo) VALUES ('Stazione 23', 'Città 4', 'Via Esempio 23');
INSERT INTO Stazione (NomeStazione, Città, Indirizzo) VALUES ('Stazione 24', 'Città 5', 'Via Esempio 24');
INSERT INTO Stazione (NomeStazione, Città, Indirizzo) VALUES ('Stazione 25', 'Città 1', 'Via Esempio 25');
INSERT INTO Bicicletta (Modello, Targa, StatoBatteria, StatoBicicletta, Longitudine, Latitudine, IDStazione) VALUES ('Modello 1', 'BIKE001', 82, 'Non Disponibile', -8.810644, 40.54343, 17);
INSERT INTO Bicicletta (Modello, Targa, StatoBatteria, StatoBicicletta, Longitudine, Latitudine, IDStazione) VALUES ('Modello 2', 'BIKE002', 94, 'Disponibile', 7.891798, 42.144308, 24);
INSERT INTO Bicicletta (Modello, Targa, StatoBatteria, StatoBicicletta, Longitudine, Latitudine, IDStazione) VALUES ('Modello 3', 'BIKE003', 90, 'In Riparazione', 8.201794, 40.247538, 22);
INSERT INTO Bicicletta (Modello, Targa, StatoBatteria, StatoBicicletta, Longitudine, Latitudine, IDStazione) VALUES ('Modello 4', 'BIKE004', 76, 'Disponibile', -6.662753, 43.630111, 15);
INSERT INTO Bicicletta (Modello, Targa, StatoBatteria, StatoBicicletta, Longitudine, Latitudine, IDStazione) VALUES ('Modello 5', 'BIKE005', 67, 'Disponibile', 9.476648, 41.160103, 6);
INSERT INTO Bicicletta (Modello, Targa, StatoBatteria, StatoBicicletta, Longitudine, Latitudine, IDStazione) VALUES ('Modello 6', 'BIKE006', 93, 'Non Disponibile', 3.217366, 43.140454, 11);
INSERT INTO Bicicletta (Modello, Targa, StatoBatteria, StatoBicicletta, Longitudine, Latitudine, IDStazione) VALUES ('Modello 7', 'BIKE007', 62, 'Disponibile', -2.880993, 44.138345, 3);
INSERT INTO Bicicletta (Modello, Targa, StatoBatteria, StatoBicicletta, Longitudine, Latitudine, IDStazione) VALUES ('Modello 8', 'BIKE008', 54, 'Non Disponibile', 9.715775, 44.414101, 2);
INSERT INTO Bicicletta (Modello, Targa, StatoBatteria, StatoBicicletta, Longitudine, Latitudine, IDStazione) VALUES ('Modello 9', 'BIKE009', 87, 'Non Disponibile', 7.405128, 44.620254, 10);
INSERT INTO Bicicletta (Modello, Targa, StatoBatteria, StatoBicicletta, Longitudine, Latitudine, IDStazione) VALUES ('Modello 10', 'BIKE010', 60, 'Non Disponibile', 4.003354, 43.672687, 3);
INSERT INTO Prenotazione (IDCliente, IDBicicletta, DataPrenotazione, DataInizioPrenotazione, DataFinePrenotazione, StazionePartenza, StazioneArrivo) VALUES ('BNCLRA90A01F205X', 2, '2025-05-20 13:05:56', '2025-05-20 14:05:56', '2025-05-20 16:05:56', 2, 9);
INSERT INTO Prenotazione (IDCliente, IDBicicletta, DataPrenotazione, DataInizioPrenotazione, DataFinePrenotazione, StazionePartenza, StazioneArrivo) VALUES ('VRDGNN75B12H501Y', 3, '2025-05-21 13:05:56', '2025-05-21 14:05:56', '2025-05-21 16:05:56', 3, 10);
INSERT INTO Prenotazione (IDCliente, IDBicicletta, DataPrenotazione, DataInizioPrenotazione, DataFinePrenotazione, StazionePartenza, StazioneArrivo) VALUES ('FRNLCU88T60H223K', 4, '2025-05-24 13:05:56', '2025-05-24 14:05:56', '2025-05-24 16:05:56', 4, 11);
INSERT INTO Prenotazione (IDCliente, IDBicicletta, DataPrenotazione, DataInizioPrenotazione, DataFinePrenotazione, StazionePartenza, StazioneArrivo) VALUES ('NCLMRA95C11F205V', 5, '2025-05-20 13:05:56', '2025-05-20 14:05:56', '2025-05-20 16:05:56', 5, 12);
INSERT INTO Prenotazione (IDCliente, IDBicicletta, DataPrenotazione, DataInizioPrenotazione, DataFinePrenotazione, StazionePartenza, StazioneArrivo) VALUES ('RSSMRA85T10H501Z', 6, '2025-05-19 13:05:56', '2025-05-19 14:05:56', '2025-05-19 16:05:56', 6, 13);
INSERT INTO Prenotazione (IDCliente, IDBicicletta, DataPrenotazione, DataInizioPrenotazione, DataFinePrenotazione, StazionePartenza, StazioneArrivo) VALUES ('BNCLRA90A01F205X', 7, '2025-05-22 13:05:56', '2025-05-22 14:05:56', '2025-05-22 16:05:56', 7, 14);
INSERT INTO Prenotazione (IDCliente, IDBicicletta, DataPrenotazione, DataInizioPrenotazione, DataFinePrenotazione, StazionePartenza, StazioneArrivo) VALUES ('VRDGNN75B12H501Y', 8, '2025-05-21 13:05:56', '2025-05-21 14:05:56', '2025-05-21 16:05:56', 8, 15);
INSERT INTO Prenotazione (IDCliente, IDBicicletta, DataPrenotazione, DataInizioPrenotazione, DataFinePrenotazione, StazionePartenza, StazioneArrivo) VALUES ('FRNLCU88T60H223K', 9, '2025-05-22 13:05:56', '2025-05-22 14:05:56', '2025-05-22 16:05:56', 9, 16);
INSERT INTO Prenotazione (IDCliente, IDBicicletta, DataPrenotazione, DataInizioPrenotazione, DataFinePrenotazione, StazionePartenza, StazioneArrivo) VALUES ('NCLMRA95C11F205V', 10, '2025-05-16 13:05:56', '2025-05-16 14:05:56', '2025-05-16 16:05:56', 10, 17);
INSERT INTO Prenotazione (IDCliente, IDBicicletta, DataPrenotazione, DataInizioPrenotazione, DataFinePrenotazione, StazionePartenza, StazioneArrivo) VALUES ('RSSMRA85T10H501Z', 1, '2025-05-21 13:05:56', '2025-05-21 14:05:56', '2025-05-21 16:05:56', 11, 18);
INSERT INTO Prenotazione (IDCliente, IDBicicletta, DataPrenotazione, DataInizioPrenotazione, DataFinePrenotazione, StazionePartenza, StazioneArrivo) VALUES ('BNCLRA90A01F205X', 2, '2025-05-17 13:05:56', '2025-05-17 14:05:56', '2025-05-17 16:05:56', 12, 19);
INSERT INTO Prenotazione (IDCliente, IDBicicletta, DataPrenotazione, DataInizioPrenotazione, DataFinePrenotazione, StazionePartenza, StazioneArrivo) VALUES ('VRDGNN75B12H501Y', 3, '2025-05-22 13:05:56', '2025-05-22 14:05:56', '2025-05-22 16:05:56', 13, 20);
INSERT INTO Prenotazione (IDCliente, IDBicicletta, DataPrenotazione, DataInizioPrenotazione, DataFinePrenotazione, StazionePartenza, StazioneArrivo) VALUES ('FRNLCU88T60H223K', 4, '2025-05-22 13:05:56', '2025-05-22 14:05:56', '2025-05-22 16:05:56', 14, 21);
INSERT INTO Prenotazione (IDCliente, IDBicicletta, DataPrenotazione, DataInizioPrenotazione, DataFinePrenotazione, StazionePartenza, StazioneArrivo) VALUES ('NCLMRA95C11F205V', 5, '2025-05-22 13:05:56', '2025-05-22 14:05:56', '2025-05-22 16:05:56', 15, 22);
INSERT INTO Prenotazione (IDCliente, IDBicicletta, DataPrenotazione, DataInizioPrenotazione, DataFinePrenotazione, StazionePartenza, StazioneArrivo) VALUES ('RSSMRA85T10H501Z', 6, '2025-05-19 13:05:56', '2025-05-19 14:05:56', '2025-05-19 16:05:56', 16, 23);
INSERT INTO Prenotazione (IDCliente, IDBicicletta, DataPrenotazione, DataInizioPrenotazione, DataFinePrenotazione, StazionePartenza, StazioneArrivo) VALUES ('BNCLRA90A01F205X', 7, '2025-05-18 13:05:56', '2025-05-18 14:05:56', '2025-05-18 16:05:56', 17, 24);
INSERT INTO Prenotazione (IDCliente, IDBicicletta, DataPrenotazione, DataInizioPrenotazione, DataFinePrenotazione, StazionePartenza, StazioneArrivo) VALUES ('VRDGNN75B12H501Y', 8, '2025-05-20 13:05:56', '2025-05-20 14:05:56', '2025-05-20 16:05:56', 18, 25);
INSERT INTO Prenotazione (IDCliente, IDBicicletta, DataPrenotazione, DataInizioPrenotazione, DataFinePrenotazione, StazionePartenza, StazioneArrivo) VALUES ('FRNLCU88T60H223K', 9, '2025-05-17 13:05:56', '2025-05-17 14:05:56', '2025-05-17 16:05:56', 19, 1);
INSERT INTO Prenotazione (IDCliente, IDBicicletta, DataPrenotazione, DataInizioPrenotazione, DataFinePrenotazione, StazionePartenza, StazioneArrivo) VALUES ('NCLMRA95C11F205V', 10, '2025-05-22 13:05:56', '2025-05-22 14:05:56', '2025-05-22 16:05:56', 20, 2);
INSERT INTO Prenotazione (IDCliente, IDBicicletta, DataPrenotazione, DataInizioPrenotazione, DataFinePrenotazione, StazionePartenza, StazioneArrivo) VALUES ('RSSMRA85T10H501Z', 1, '2025-05-16 13:05:56', '2025-05-16 14:05:56', '2025-05-16 16:05:56', 21, 3);